cohort,n_counties,att,se,pval
2010,6,-0.2882064250751345,0.0351932402075331,5.226492093113322e-06
2011,8,-0.18377639337002769,0.04848950222896247,0.0022495684737684485
2012,1,-0.32088527243302956,0.019526104407113148,3.234754470504697e-06
2014,1,-0.09389800410404324,0.019408872007950755,0.0028869751575937297
2017,1,-0.09287559153565558,0.01867949543676751,0.002521648408047472
