component,delta,share
Within,-0.06192582792358599,0.6401669927725628
Between,-0.03480803780633124,0.3598330072274371
Total,-0.09673386572991723,1
